,zip,ghi
541,1907,4.01947247975
612,2108,4.017692486666667
613,2109,4.020340783428572
614,2110,4.020340783428572
615,2111,4.017692486666667
616,2112,4.017692486666667
617,2113,4.017692486666667
618,2114,4.017692486666667
619,2115,4.017483098285714
620,2116,4.017483098285714
621,2117,4.017692486666667
622,2118,4.017692486666667
624,2120,4.021777561857143
627,2123,4.017692486666667
631,2127,4.026047468333333
632,2128,4.0228676797142855
633,2129,4.017692486666667
637,2133,4.017692486666667
645,2141,4.017483098285714
646,2142,4.017483098285714
647,2143,4.017483098285714
649,2145,4.017483098285714
651,2149,4.017692486666667
652,2150,4.018561283833334
654,2152,4.0230995815
672,2196,4.017692486666667
673,2199,4.017483098285714
674,2201,4.017692486666667
675,2203,4.017692486666667
676,2204,4.017692486666667
677,2205,4.017692486666667
678,2206,4.017692486666667
679,2207,4.020340783428572
680,2210,4.021037260833333
681,2211,4.017692486666667
682,2212,4.017692486666667
683,2215,4.017483098285714
684,2216,4.017692486666667
685,2217,4.017692486666667
686,2222,4.017692486666667
687,2228,4.017692486666667
689,2239,4.017483098285714
690,2241,4.017692486666667
691,2266,4.017692486666667
693,2283,4.017692486666667
694,2284,4.017692486666667
695,2293,4.017692486666667
696,2295,4.017692486666667
697,2297,4.017692486666667
698,2298,4.020340783428572
747,2446,4.01793473975
748,2447,4.021692395375
793,2554,none
801,2564,none
809,2584,none
899,2807,4.106471539
1283,4003,3.919736782666666
1582,4635,3.8620810505
1588,4645,none
1615,4681,3.8711055119999997
1618,4685,3.8620810505
1674,4851,none
1675,4852,3.8998222350000002
1685,4863,3.960999966
2509,7002,none
2510,7003,4.0677621365
2515,7008,4.113804721799999
2523,7016,4.0991641044
2524,7017,4.077537854666666
2525,7018,4.077537854666666
2526,7019,4.077537854666666
2532,7026,4.074212908750001
2533,7027,4.100224812833333
2534,7028,4.077537854666666
2535,7029,4.1088929175
2536,7030,4.100893259
2537,7031,4.100893259
2538,7032,4.100893259
2539,7033,4.0887910841999995
2542,7036,4.10345542425
2544,7040,4.088170719
2545,7041,4.0887910841999995
2546,7042,4.0677621365
2552,7050,4.077094316499999
2553,7051,4.077094316499999
2554,7052,4.079181289599999
2557,7057,4.074212908750001
2570,7070,4.0800738333333335
2571,7071,4.100893259
2572,7072,4.079402089
2573,7073,4.079402089
2574,7074,4.074847698200001
2575,7075,4.074847698200001
2579,7079,4.088170719
2583,7083,4.0855169295
2584,7086,4.100893259
2585,7087,4.100893259
2586,7088,4.0887910841999995
2587,7090,4.100224812833333
2588,7091,4.100224812833333
2591,7094,4.093057791333334
2593,7096,4.093057791333334
2594,7097,4.103000641
2595,7099,4.100893259
2596,7101,4.118999958
2597,7102,4.1088929175
2598,7103,4.092520237
2599,7104,4.086419343999999
2600,7105,4.118999958
2601,7106,4.08833110325
2602,7107,4.077537854666666
2603,7108,4.089387416999999
2604,7109,4.086419343999999
2605,7110,4.070424556666667
2606,7111,4.084846178666666
2607,7112,4.089387416999999
2608,7114,4.118999958
2609,7175,4.118999958
2610,7182,4.1088929175
2611,7184,4.118999958
2612,7188,4.118999958
2613,7189,4.118999958
2614,7191,4.118999958
2615,7192,4.118999958
2616,7193,4.118999958
2617,7194,4.1088929175
2618,7195,4.118999958
2619,7198,4.118999958
2620,7199,4.118999958
2621,7201,4.118999958
2622,7202,4.102134545666666
2623,7203,4.09848320475
2624,7204,4.0855169295
2625,7205,4.084846178666666
2626,7206,4.089387416999999
2627,7207,4.089387416999999
2628,7208,4.084846178666666
2629,7302,4.103000641
2630,7303,4.103000641
2631,7304,4.103000641
2632,7305,4.103000641
2633,7306,4.100893259
2634,7307,4.100893259
2635,7308,4.103000641
2636,7309,4.103000641
2637,7310,4.100893259
2638,7311,4.103000641
2639,7395,4.103000641
2640,7399,4.103000641
2703,7601,4.074191172833333
2704,7602,4.074191172833333
2705,7603,4.074847698200001
2706,7604,4.074847698200001
2708,7606,4.074847698200001
2709,7607,4.0681719780000005
2710,7608,4.074847698200001
2723,7643,4.074847698200001
2724,7644,4.074847698200001
2738,7663,4.0663290024
2744,7699,4.074847698200001
3757,10001,4.103000641
3758,10002,4.103000641
3759,10003,4.103000641
3760,10004,4.103000641
3761,10005,4.103000641
3762,10006,4.103000641
3763,10007,4.103000641
3764,10008,4.103000641
3765,10009,4.103000641
3766,10010,4.103000641
3767,10011,4.103000641
3768,10012,4.103000641
3769,10013,4.103000641
3770,10014,4.100893259
3771,10015,4.103000641
3772,10016,4.103000641
3773,10017,4.1071588995
3774,10018,4.103000641
3775,10019,4.103000641
3776,10020,4.103000641
3777,10021,4.1071588995
3778,10022,4.1071588995
3779,10023,4.090193748500001
3784,10028,4.097234885000001
3792,10036,4.103000641
3794,10038,4.103000641
3797,10041,4.103000641
3798,10043,4.103000641
3799,10044,4.1071588995
3800,10045,4.103000641
3801,10046,4.103000641
3802,10047,4.103000641
3803,10048,4.103000641
3804,10055,4.103000641
3805,10060,4.103000641
3806,10065,4.1071588995
3807,10069,4.090193748500001
3808,10072,4.103000641
3809,10075,4.1071588995
3810,10079,4.103000641
3811,10080,4.103000641
3812,10081,4.103000641
3813,10082,4.103000641
3814,10087,4.103000641
3815,10090,4.103000641
3816,10094,4.103000641
3817,10095,4.103000641
3818,10096,4.103000641
3819,10098,4.103000641
3820,10099,4.103000641
3821,10101,4.103000641
3822,10102,4.103000641
3823,10103,4.103000641
3824,10104,4.103000641
3825,10105,4.103000641
3826,10106,4.103000641
3827,10107,4.103000641
3828,10108,4.103000641
3829,10109,4.103000641
3830,10110,4.103000641
3831,10111,4.103000641
3832,10112,4.103000641
3833,10113,4.103000641
3834,10114,4.103000641
3836,10116,4.103000641
3837,10117,4.103000641
3838,10118,4.103000641
3839,10119,4.103000641
3840,10120,4.103000641
3841,10121,4.103000641
3842,10122,4.103000641
3843,10123,4.103000641
3844,10124,4.103000641
3845,10125,4.103000641
3846,10126,4.103000641
3847,10128,4.097234885000001
3848,10129,4.103000641
3849,10130,4.103000641
3850,10131,4.103000641
3851,10132,4.103000641
3852,10133,4.103000641
3853,10138,4.103000641
3854,10149,4.103000641
3855,10150,4.103000641
3856,10151,4.103000641
3857,10152,4.1071588995
3858,10153,4.1071588995
3859,10154,4.1071588995
3860,10155,4.103000641
3861,10156,4.103000641
3862,10157,4.103000641
3863,10158,4.103000641
3864,10159,4.103000641
3865,10160,4.103000641
3866,10161,4.103000641
3867,10162,4.1071588995
3868,10163,4.103000641
3869,10164,4.103000641
3870,10165,4.103000641
3871,10166,4.103000641
3872,10167,4.1071588995
3873,10168,4.103000641
3874,10169,4.103000641
3875,10170,4.103000641
3876,10171,4.1071588995
3877,10172,4.1071588995
3878,10173,4.103000641
3879,10174,4.103000641
3880,10175,4.103000641
3881,10176,4.103000641
3882,10177,4.103000641
3883,10178,4.103000641
3884,10179,4.103000641
3885,10184,4.103000641
3886,10185,4.103000641
3887,10196,4.103000641
3888,10197,4.103000641
3889,10199,4.103000641
3890,10200,4.1071588995
3891,10203,4.103000641
3892,10211,4.103000641
3893,10212,4.103000641
3894,10213,4.103000641
3895,10242,4.103000641
3896,10249,4.103000641
3897,10256,4.103000641
3898,10257,4.103000641
3899,10258,4.103000641
3900,10259,4.103000641
3901,10260,4.103000641
3902,10261,4.103000641
3903,10265,4.103000641
3904,10268,4.103000641
3905,10269,4.103000641
3906,10270,4.103000641
3907,10271,4.103000641
3908,10272,4.103000641
3909,10273,4.103000641
3910,10274,4.103000641
3911,10275,4.103000641
3912,10276,4.103000641
3913,10277,4.103000641
3914,10278,4.103000641
3915,10279,4.103000641
3916,10280,4.103000641
3917,10281,4.103000641
3918,10282,4.103000641
3919,10285,4.103000641
3920,10286,4.103000641
3921,10292,4.103000641
3922,10301,4.10741806
3923,10302,4.113209009
3924,10303,4.112685998333333
3925,10304,4.10741806
3926,10305,4.131309986
3927,10306,4.1331822872499995
3929,10308,4.127206643333333
3931,10310,4.10741806
3932,10311,4.112685998333333
3933,10312,4.12331497675
3934,10313,4.1331822872499995
3935,10314,4.12331497675
4149,11101,4.120105902333333
4150,11102,4.102597554666667
4151,11103,4.102597554666667
4152,11104,4.120105902333333
4153,11105,4.09629488
4154,11106,4.102597554666667
4155,11109,4.1071588995
4156,11120,4.120105902333333
4157,11201,4.103000641
4158,11202,none
4159,11203,none
4160,11204,none
4161,11205,4.1071588995
4162,11206,4.1071588995
4163,11207,4.134438991333334
4164,11208,4.14702594275
4165,11209,4.10741806
4166,11210,none
4167,11211,4.1071588995
4168,11212,4.145999908
4169,11213,4.111317158
4170,11214,4.155201912
4171,11215,none
4172,11216,4.111317158
4173,11217,none
4174,11218,none
4175,11219,none
4176,11220,none
4177,11221,4.120105902333333
4178,11222,4.1071588995
4179,11223,4.155201912
4180,11224,4.1531555655000005
4181,11225,none
4182,11226,none
4183,11228,none
4184,11229,4.155201912
4185,11230,none
4186,11231,none
4187,11232,none
4188,11233,4.128658533
4189,11234,4.145999908
4190,11235,4.1531555655000005
4191,11236,4.145999908
4192,11237,4.120105902333333
4193,11238,4.111317158
4194,11239,4.145999908
4195,11240,4.103000641
4196,11241,none
4197,11242,none
4198,11243,none
4199,11244,none
4200,11245,none
4201,11247,none
4202,11248,4.103000641
4203,11249,none
4204,11251,none
4205,11252,none
4206,11254,4.103000641
4207,11255,4.103000641
4208,11256,none
4212,11355,4.141709168666667
4215,11358,4.130878584714286
4224,11367,4.141709168666667
4225,11368,4.138220882400001
4226,11369,4.113448143
4227,11370,4.113448143
4229,11372,4.12657940375
4230,11373,4.12657940375
4231,11374,4.138220882400001
4232,11375,4.138220882400001
4233,11377,4.12657940375
4234,11378,4.12657940375
4235,11379,4.12657940375
4236,11380,4.138220882400001
4238,11385,4.12657940375
4239,11386,4.12657940375
4245,11414,4.1589288710000005
4246,11415,4.141709168666667
4247,11416,4.14702594275
4248,11417,4.14702594275
4249,11418,4.138220882400001
4250,11419,4.141709168666667
4251,11420,4.1494508742
4252,11421,4.138220882400001
4255,11424,4.141709168666667
4256,11425,none
4266,11435,4.141709168666667
4268,11437,none
4305,11569,4.1609571456
4328,11694,4.156973958
4330,11697,4.150770346333333
4336,11706,4.158443928
4346,11718,4.158443928
4356,11730,4.155636072249999
4373,11751,4.155308723599999
4544,12108,none
4565,12139,none
4584,12164,none
4607,12190,none
4683,12410,3.9097824095999996
4688,12416,3.9339098452
4711,12442,3.9186970507142855
4717,12450,3.9267641703333336
4730,12464,3.9267271040000002
4742,12480,3.8960219620000003
4756,12495,3.9333698351666673
4901,12808,none
4903,12810,3.879331827
4904,12811,none
4905,12812,none
4906,12814,3.821393013
4907,12815,none
4909,12817,3.859158278
4922,12835,3.900611083
4923,12836,3.805242896
4927,12841,3.8294486526
4928,12842,none
4929,12843,none
4933,12847,none
4937,12851,none
4938,12852,none
4939,12853,none
4941,12855,none
4942,12856,none
4943,12857,none
4944,12858,none
4946,12860,none
4948,12862,none
4950,12864,none
4953,12870,none
4955,12872,none
4957,12874,3.8093216898
4958,12878,none
4959,12879,none
4962,12885,3.8652087053333335
4963,12886,none
4969,12912,3.781370401
4970,12913,none
4979,12922,3.705000162
4983,12927,3.6971403360000004
4984,12928,3.781330049
4987,12932,none
4993,12939,none
4994,12941,none
4995,12942,none
4996,12943,none
4998,12945,none
4999,12946,none
5001,12950,none
5002,12952,3.7173725604
5005,12956,3.7805641493333333
5009,12960,3.7759025695
5010,12961,3.7805641493333333
5012,12964,none
5017,12970,none
5019,12973,none
5022,12976,3.690000534
5023,12977,none
5024,12978,3.78162384
5026,12980,3.6962969305
5028,12983,none
5030,12986,none
5031,12987,none
5032,12989,3.6600003240000003
5036,12996,3.7537373544000006
5037,12997,3.780321836
5038,12998,3.7826650145
5203,13331,none
5220,13353,3.7563856839999996
5224,13360,none
5247,13420,3.707574606
5256,13436,none
5279,13472,3.7175045806666667
5370,13672,3.702894052
5390,13695,3.695881367
6697,16347,3.7810952188
6863,16728,3.809056788875
7934,19120,4.132415506666667
7936,19122,4.142579555625
7938,19124,4.128400166888889
7939,19125,4.141546037555555
7948,19134,4.1317808628999995
8845,20901,4.241078959444444
8851,20907,4.241078959444444
8852,20908,4.241078959444444
8853,20910,4.241078959444444
8854,20911,4.241078959444444
8855,20912,4.241078959444444
8856,20913,4.241078959444444
8857,20914,4.241078959444444
8858,20915,4.241078959444444
8859,20916,4.241078959444444
8860,20918,4.241078959444444
8862,20997,4.241078959444444
9111,21666,4.2952603341
9211,21824,4.432108283
9235,21866,4.448098421
9860,23440,4.485480785333333
9893,23504,4.46657603975
9898,23509,4.466877732857143
9902,23513,4.466877732857143
9906,23518,4.471931729857142
10274,24412,4.228642702
10279,24422,4.332226435333333
10280,24426,4.2872116565
10283,24432,4.301490307
10287,24438,4.33877527725
10292,24445,none
10293,24448,4.341170120399999
10295,24457,4.309263706
10308,24474,4.309263706
10314,24484,4.269344965666667
10503,24927,4.1525083270000005
11058,26254,4.011095319428572
11710,27915,none
11714,27920,none
11727,27936,none
11733,27943,none
11737,27948,4.542071183333333
11741,27954,4.51960659
11745,27959,4.536968231
11746,27960,none
11752,27968,none
11755,27972,none
11759,27978,4.5420436854999995
11762,27981,4.502244949
11763,27982,none
12172,28604,4.36511003975
12183,28616,none
12188,28622,4.362081051
12205,28641,4.4962688685
12210,28646,4.388419819
12211,28647,4.5167868134999996
12215,28652,4.38107872
12216,28653,4.4757509235
12220,28657,4.376353502
12225,28662,4.4757509235
12227,28664,4.500795364
12263,28705,4.343925953
12274,28717,4.572453658000001
12280,28723,4.4976657630000005
12291,28734,4.550039291
12293,28736,4.545897643
12297,28740,4.391567707
12298,28741,4.614854574000001
12301,28744,4.550039291
12320,28763,none
12321,28765,4.422360658500001
12325,28771,4.413362503
12329,28775,4.6417849065
12331,28777,4.5167868134999996
12334,28781,4.532048543333333
12336,28783,4.503158450250001
12358,28901,4.554370880333333
12469,29178,4.7079622404285715
12593,29438,4.864542722833334
12882,29920,4.873183409166667
13291,30525,4.633687973000001
13301,30537,none
13322,30562,4.633687973000001
13328,30568,4.615331173
13664,31522,4.9289307594
13693,31561,4.926663398750001
13927,32134,4.9686106045
14058,32335,4.926898161666667
14328,32801,5.066251135
14329,32802,5.065857800727273
14333,32806,5.065857800727273
14341,32815,5.065857800727273
14342,32816,5.065857800727273
14359,32834,5.065857800727273
14364,32853,5.065857800727273
14365,32854,5.065857800727273
14366,32855,5.065857800727273
14367,32856,5.065857800727273
14368,32857,5.065857800727273
14369,32858,5.065857800727273
14370,32859,5.065857800727273
14371,32860,5.065857800727273
14372,32861,5.065857800727273
14373,32862,5.065857800727273
14374,32867,5.065857800727273
14375,32868,5.065857800727273
14376,32869,5.065857800727273
14377,32872,5.065857800727273
14378,32877,5.065857800727273
14379,32878,5.065857800727273
14381,32886,5.065857800727273
14382,32887,5.065857800727273
14384,32891,5.065857800727273
14387,32897,5.065857800727273
14388,32898,5.066251135
14389,32899,5.065857800727273
14444,33001,none
14445,33002,5.213777542166667
14446,33004,5.142624378
14447,33008,none
14448,33009,none
14449,33010,5.213777542166667
14450,33011,5.213777542166667
14451,33012,5.213777542166667
14452,33013,5.213777542166667
14453,33014,5.181441784
14456,33017,5.213777542166667
14458,33019,5.142624378
14459,33020,5.143868446
14460,33021,5.168682098250001
14461,33022,5.143868446
14462,33023,5.1739532947499995
14463,33024,5.1681851386
14464,33025,5.172578239399999
14473,33034,5.199398756000001
14475,33036,none
14476,33037,none
14478,33040,none
14479,33041,none
14480,33042,none
14481,33043,none
14482,33045,none
14483,33050,none
14484,33051,none
14485,33052,none
14486,33054,5.180066704750001
14487,33055,5.180066704750001
14488,33056,5.180066704750001
14491,33062,5.153288523333334
14499,33070,none
14507,33081,5.143868446
14509,33083,5.143868446
14515,33101,5.285292148666667
14517,33106,5.22852170475
14518,33107,5.219634850833333
14520,33110,5.249296506333334
14526,33121,5.219634850833333
14527,33122,5.219634850833333
14531,33127,5.22852170475
14532,33128,5.285292148666667
14536,33132,5.285292148666667
14540,33136,5.2784490585
14541,33137,5.2784490585
14542,33138,5.2784490585
14543,33139,5.285292148666667
14544,33140,5.269000053
14545,33141,5.2784490585
14546,33142,5.2162329674
14551,33147,5.2162329674
14552,33148,5.219634850833333
14554,33150,5.22852170475
14558,33154,none
14564,33160,none
14565,33161,none
14566,33162,5.196000099
14570,33166,5.213777542166667
14571,33167,5.203041196
14572,33168,5.178594351
14573,33169,5.184396267
14582,33179,5.196000099
14583,33180,none
14584,33181,none
14598,33195,5.219634850833333
14604,33222,5.180066704750001
14625,33301,5.1568119525
14626,33302,5.1568119525
14627,33303,5.1568119525
14628,33304,5.1568119525
14629,33305,5.1568119525
14630,33306,5.1568119525
14631,33307,5.1568119525
14632,33308,5.153288523333334
14634,33310,5.1568119525
14638,33314,5.1681851386
14640,33316,5.1568119525
14642,33318,5.1568119525
14644,33320,5.1568119525
14653,33329,5.1568119525
14657,33334,5.1568119525
14658,33335,5.1568119525
14659,33336,5.1568119525
14660,33337,5.1568119525
14661,33338,5.1568119525
14662,33339,5.1568119525
14663,33340,5.1568119525
14664,33345,5.1568119525
14665,33346,5.1568119525
14666,33348,5.1568119525
14667,33349,5.1568119525
14669,33355,5.1568119525
14670,33359,5.1568119525
14671,33388,5.1568119525
14672,33394,5.1568119525
14703,33432,5.1767963408
14881,33706,5.298999786333334
14882,33707,5.298999786333334
14883,33708,5.312999487000001
14884,33709,5.298999786333334
14885,33710,5.298999786333334
14905,33744,5.298999786333334
14919,33767,5.220314145250001
14921,33770,5.21963048
14925,33774,5.21963048
14927,33776,5.21963048
14929,33778,5.21963048
14935,33785,5.21963048
14936,33786,5.21963048
15029,33924,5.3603544235000005
15040,33945,5.3603544235000005
15051,33956,5.3625906705
15052,33957,5.344454288333334
16059,36528,5.009155273749999
16450,37333,4.485119660833333
16563,37687,4.359502156666666
17080,38659,4.612844586375
17428,39425,4.832813944285713
17913,40803,4.247253213571429
17927,40827,4.249244212999999
17945,40868,4.245565652833333
17953,40914,4.238619089
17960,40932,4.255902426571429
17976,40972,4.2256192208
18234,41714,4.238619089
18256,41762,4.2357707976
18650,43111,4.0737288264444445
18670,43144,4.0728902341
18802,43436,3.979994297
20208,46320,4.0672693255
20595,47175,4.256697475875001
21019,48015,3.9179507495
21021,48021,3.8878252509999998
21028,48030,3.948934316666667
21069,48080,3.8549041749999997
21070,48081,3.8668621185
21077,48089,3.906869411666667
21078,48090,3.9179507495
21079,48091,3.9179507495
21112,48127,3.9550280175
21129,48150,3.950609684125
21130,48151,3.950609684125
21131,48152,3.950609684125
21132,48153,3.950609684125
21133,48154,3.950609684125
21170,48201,3.949525118
21171,48202,3.949525118
21172,48203,3.949525118
21173,48204,3.949525118
21174,48205,3.906869411666667
21175,48206,3.949525118
21176,48207,3.9405971765
21177,48208,3.949525118
21179,48210,3.949525118
21180,48211,3.9405971765
21181,48212,3.9405971765
21182,48213,3.902064800333333
21183,48214,3.92999959
21184,48215,3.92999959
21185,48216,3.9559885859999997
21191,48222,3.949525118
21192,48223,3.9499080660000003
21193,48224,3.9018833639999997
21194,48225,3.8549041749999997
21195,48226,3.9405971765
21196,48227,3.944853604
21197,48228,3.9499080660000003
21199,48230,3.92999959
21200,48231,3.949525118
21201,48232,3.949525118
21203,48234,3.9179507495
21205,48236,3.8549041749999997
21207,48238,3.949525118
21208,48239,3.9499080660000003
21209,48240,3.9481907290000002
21211,48243,3.9405971765
21212,48244,3.949525118
21213,48255,3.949525118
21214,48260,3.949525118
21215,48264,3.949525118
21216,48265,3.949525118
21217,48266,3.949525118
21218,48267,3.949525118
21219,48268,3.949525118
21220,48269,3.949525118
21221,48272,3.949525118
21222,48275,3.949525118
21223,48277,3.949525118
21224,48278,3.949525118
21225,48279,3.949525118
21226,48288,3.949525118
21294,48397,3.9213117124
21460,48737,3.8769918168571427
21789,49309,3.8562019268333327
21826,49349,3.872934920428571
21950,49644,3.8257157326
21958,49654,none
22050,49782,none
22056,49790,3.7681101958333336
22067,49806,3.739132336142857
22160,49947,3.778444022125
22169,49961,3.7337572574999998
22176,49969,3.7435910105000003
23747,54246,3.919828176
23853,54517,3.7809597249999998
23886,54560,3.7931977679999997
24550,55771,3.6857498644000004
25082,56627,3.6807665029999996
25104,56658,none
25126,56685,3.738336563
25129,56688,3.72873153
25132,56711,none
25156,56741,none
25551,57745,4.3879833222
26012,59020,4.1147499085
26020,59030,4.086497784
26036,59052,3.976103941666666
26062,59081,4.119376659
26203,59465,3.8318313359999996
26259,59639,3.9758756956666663
26277,59716,4.014118035666667
26310,59758,4.100999832
26377,59913,3.567030748
26383,59919,none
26385,59921,none
26389,59926,3.56676262625
26391,59928,3.5350895882000004
26399,59936,none
26415,60016,4.039802273166667
26416,60017,4.039802273166667
26417,60018,4.039802273166667
26418,60019,4.039802273166667
26447,60056,4.039802273166667
26488,60104,4.031884591
26489,60105,4.03944176425
26490,60106,4.03944176425
26509,60126,4.0408440033333335
26512,60130,4.059286753666666
26513,60131,4.0345226525
26523,60141,4.059286753666666
26534,60153,4.031884591
26535,60154,4.046217918666667
26536,60155,4.059286753666666
26540,60160,4.0345226525
26541,60161,4.0345226525
26542,60162,4.046217918666667
26543,60163,4.0408440033333335
26544,60164,4.03944176425
26545,60165,4.036348581333333
26549,60171,3.997000456
26554,60176,4.0345226525
26559,60181,4.046731186
26582,60290,4.0684220794999995
26583,60301,4.019008279
26584,60302,4.031884591
26585,60303,4.031884591
26586,60304,4.059286753666666
26587,60305,4.019008279
26588,60399,4.03944176425
26590,60402,4.059286753666666
26682,60513,4.059286753666666
26690,60521,4.0493981045
26691,60522,4.0493981045
26692,60523,4.046731186
26693,60525,4.0493266585
26694,60526,4.0493266585
26699,60534,4.059286753666666
26710,60546,4.059286753666666
26721,60558,4.0468437672499995
26732,60570,4.0468437672499995
26739,60601,3.997000456
26740,60602,4.0273188355
26741,60603,4.0273188355
26742,60604,4.0273188355
26743,60605,4.0684220794999995
26744,60606,4.0273188355
26745,60607,4.0684220794999995
26746,60608,4.0684220794999995
26747,60609,4.0684220794999995
26748,60610,3.997000456
26749,60611,3.997000456
26750,60612,4.0273188355
26751,60613,3.997000456
26752,60614,3.997000456
26753,60615,4.079206944
26754,60616,4.0684220794999995
26755,60617,4.0672693255
26756,60618,3.997000456
26759,60621,4.066879749666666
26760,60622,3.997000456
26761,60623,4.0684220794999995
26762,60624,4.0273188355
26763,60625,3.997000456
26766,60629,4.066879749666666
26767,60630,3.997000456
26769,60632,4.0684220794999995
26771,60634,3.997000456
26772,60636,4.066879749666666
26773,60637,4.079206944
26775,60639,3.997000456
26776,60640,3.997000456
26777,60641,3.997000456
26778,60642,3.997000456
26780,60644,4.031884591
26783,60647,3.997000456
26785,60651,3.997000456
26787,60653,4.079206944
26788,60654,3.997000456
26790,60656,3.997000456
26791,60657,3.997000456
26793,60660,4.0119401215
26794,60661,4.0273188355
26795,60663,4.0684220794999995
26796,60664,4.0684220794999995
26797,60666,4.041774471499999
26798,60668,4.0684220794999995
26799,60669,4.0684220794999995
26800,60670,4.0684220794999995
26801,60673,4.0684220794999995
26802,60674,4.0684220794999995
26803,60675,4.0684220794999995
26804,60677,4.0684220794999995
26805,60678,4.0684220794999995
26806,60679,4.0684220794999995
26807,60680,4.0684220794999995
26808,60681,4.0684220794999995
26809,60682,4.059286753666666
26810,60684,4.0684220794999995
26811,60685,4.0684220794999995
26812,60686,4.0684220794999995
26813,60687,4.0684220794999995
26814,60688,4.0684220794999995
26815,60689,4.0684220794999995
26816,60690,4.0684220794999995
26817,60691,4.0684220794999995
26818,60693,4.0684220794999995
26819,60694,4.0684220794999995
26820,60695,4.0684220794999995
26821,60696,4.0684220794999995
26822,60697,4.0684220794999995
26823,60699,4.0684220794999995
26824,60701,4.0684220794999995
26825,60706,3.997000456
26826,60707,3.997000456
26830,60804,4.0684220794999995
27931,62928,4.380890786625
28392,63941,4.4616374175
28412,63967,4.455862820125001
28939,65439,4.4068887712
28940,65440,4.421321312666667
28983,65566,4.4068887712
30686,70358,5.1662619114999995
31215,71423,4.7898645402
31408,71957,4.5350009600000005
31412,71961,4.56025946125
31415,71965,4.5531914232499995
31416,71966,4.56025946125
31418,71969,4.552477359666667
31419,71970,4.5520296095
31918,72839,4.543666266999999
31929,72854,4.536138534333333
31931,72856,4.548813819666666
32759,75001,4.897235802428571
32767,75014,4.9088038445999995
32768,75015,4.9088038445999995
32769,75016,4.9088038445999995
32770,75017,4.9088038445999995
32789,75038,4.9088038445999995
32809,75059,none
32810,75060,4.9088038445999995
32811,75061,4.9088038445999995
32812,75062,4.9088038445999995
32814,75064,4.9088038445999995
32947,75244,4.897235802428571
33331,76006,4.939580043333333
33335,76010,4.939580043333333
33336,76011,4.939580043333333
33355,76039,4.9504973093333335
33356,76040,4.9504973093333335
33436,76155,4.9504973093333335
33807,77005,4.824595213
33809,77007,4.824595213
33810,77008,4.824595213
33820,77018,4.817482662200001
33826,77024,4.883480628333333
33829,77027,4.824595213
33842,77040,4.869831403
33843,77041,4.869831403
33844,77042,4.883480628333333
33845,77043,4.883480628333333
33848,77046,4.824595213
33850,77048,4.830532346428571
33857,77055,4.8577696085
33858,77056,4.824595213
33859,77057,4.8577696085
33865,77063,4.883480628333333
33882,77080,4.869831403
33889,77087,4.830532346428571
33890,77088,4.817482662200001
33893,77091,4.817482662200001
33894,77092,4.817482662200001
33900,77098,4.824595213
33974,77278,4.883480628333333
34185,77550,4.9601682425
34186,77551,4.9601682425
34187,77552,4.9601682425
34188,77553,4.9601682425
34190,77555,4.9601682425
34704,78597,5.2578146455
35259,79834,5.917685509
35515,80420,none
35519,80424,none
35524,80429,none
35529,80435,none
35534,80440,5.0527665615
35536,80443,none
35550,80461,none
35572,80497,none
35573,80498,none
35850,81130,none
35883,81225,4.84986078725
35885,81227,5.051901817333333
35886,81228,none
35902,81251,none
35920,81332,none
35939,81426,4.954999129
35946,81433,none
35987,81642,none
35993,81649,4.780529817
36030,82190,none
36152,82922,4.38954937475
36217,83229,none
36247,83278,none
36278,83340,4.502514362
36323,83449,4.1948237420000005
36337,83469,4.127375841
36366,83601,none
36373,83611,4.243418694
36387,83631,none
36393,83637,none
36478,83826,3.6239147185999996
36554,84036,4.772595405500001
36608,84092,4.740222083222222
36681,84310,4.675037520142857
36688,84317,4.693037669
36690,84319,4.56542229675
36694,84323,4.64031076425
36885,85016,5.7949728369999995
36926,85064,5.7949728369999995
37044,85264,5.7350530625000005
37159,85501,5.709552288199999
37170,85541,none
37174,85545,none
37176,85547,5.586835384
37181,85553,none
37182,85554,5.5188245775
37296,85920,none
37297,85922,none
37306,85931,5.5316419605
37307,85932,5.433544794666666
37326,86017,5.4651895522
37331,86023,5.4854588505
37343,86038,5.5494053365000005
37352,86052,5.441316605
37359,86305,5.620465914444444
37379,86336,5.4925230978
37607,87525,5.2216632843
37641,87573,5.3363073666666665
37649,87581,5.3324842454
37686,87820,5.526467680750001
37689,87824,5.432611465
37694,87830,none
37710,88002,5.885661465714286
37748,88049,5.60798370825
38200,90001,5.3981949490000005
38201,90002,5.3981949490000005
38202,90003,5.429743767000001
38208,90009,5.4761154654999995
38221,90022,5.414657879000001
38222,90023,5.414657879000001
38230,90031,5.430045763833334
38232,90033,5.414657879000001
38242,90043,5.4811897279999995
38243,90044,5.4761154654999995
38244,90045,5.484810352666666
38246,90047,5.4761154654999995
38251,90052,5.4034996035
38257,90058,5.3966543675
38258,90059,5.469998837
38260,90061,5.405743599
38262,90063,5.414657879000001
38264,90065,5.437648392000001
38279,90080,5.484810352666666
38282,90083,5.484810352666666
38289,90091,5.3966543675
38293,90096,5.3966543675
38295,90101,5.3966543675
38296,90102,5.414657879000001
38297,90103,5.3966543675
38300,90201,5.3966543675
38301,90202,5.3966543675
38307,90220,5.326292753000001
38308,90221,5.348206043
38309,90222,5.374194781
38310,90223,5.374194781
38311,90224,5.37361598
38319,90242,5.3786542415000005
38320,90245,5.484810352666666
38321,90247,5.4761154654999995
38322,90248,5.37361598
38323,90249,5.4761154654999995
38324,90250,5.4761154654999995
38325,90251,5.4761154654999995
38326,90254,5.502200127
38327,90255,5.3966543675
38328,90260,5.482232094
38329,90261,5.4761154654999995
38330,90262,5.3786542415000005
38334,90266,5.492216110499999
38335,90267,5.492216110499999
38336,90270,5.3966543675
38338,90274,none
38339,90275,none
38340,90277,none
38341,90278,5.482232094
38342,90280,5.3966543675
38346,90293,5.48721206225
38349,90296,5.48721206225
38350,90301,5.4761154654999995
38351,90302,5.4811897279999995
38352,90303,5.4761154654999995
38353,90304,5.4761154654999995
38354,90305,5.4761154654999995
38355,90306,5.4761154654999995
38356,90307,5.4761154654999995
38357,90308,5.4761154654999995
38358,90309,5.4811897279999995
38359,90310,5.4761154654999995
38360,90311,5.4761154654999995
38361,90312,5.4761154654999995
38362,90313,5.4761154654999995
38363,90397,5.4761154654999995
38364,90398,5.4761154654999995
38376,90501,none
38377,90502,none
38378,90503,none
38379,90504,none
38380,90505,none
38381,90506,5.482232094
38382,90507,none
38383,90508,none
38384,90509,none
38385,90510,none
38397,90620,5.3698439595
38399,90622,5.3698439595
38424,90706,5.348206043
38425,90707,5.348206043
38426,90710,none
38427,90711,5.348206043
38428,90712,5.348206043
38430,90714,5.348206043
38431,90715,5.3582431075
38432,90716,5.33009660225
38433,90717,none
38436,90723,5.3786542415000005
38437,90731,none
38438,90732,none
38439,90733,none
38440,90734,none
38444,90744,5.264999866
38445,90745,5.264999866
38446,90746,5.264999866
38447,90747,5.264999866
38448,90748,5.264999866
38449,90749,5.264999866
38451,90801,5.310677369333334
38452,90802,5.310677369333334
38455,90805,5.348206043
38456,90806,5.310677369333334
38457,90807,5.310677369333334
38460,90810,5.2699997425
38461,90813,5.310677369333334
38465,90831,5.310677369333334
38466,90832,5.310677369333334
38467,90833,5.310677369333334
38468,90834,5.310677369333334
38469,90835,5.310677369333334
38472,90844,5.310677369333334
38473,90845,5.310677369333334
38475,90847,5.310677369333334
38476,90848,5.310677369333334
38478,90888,5.310677369333334
38479,90895,5.310677369333334
38480,90899,5.310677369333334
38818,92039,5.3420081137499995
38862,92106,5.412620226666665
38863,92107,5.412620226666665
38866,92110,5.395931815999999
38874,92118,5.436874031999999
38888,92133,5.436874031999999
38893,92138,5.395931815999999
38895,92140,5.436874031999999
38899,92147,5.436874031999999
38902,92152,5.412620226666665
38914,92166,5.412620226666665
38915,92167,5.412620226666665
38930,92186,5.436874031999999
38984,92266,5.8470351695
39004,92305,5.775798797714287
39013,92315,5.819751126428572
39020,92323,5.816093445
39028,92332,5.825006008
39173,92626,5.311420321375
39223,92708,5.333242825
39238,92804,5.352942398428572
39246,92814,5.352942398428572
39263,92841,5.352942398428572
39265,92843,5.347390242857143
39266,92844,5.347040414666666
39325,93042,none
39367,93208,5.2525100707500005
39376,93222,5.546379089
39379,93225,5.594472725999999
39400,93252,5.67645943175
39408,93262,5.136979103
39522,93522,5.747786522
39564,93602,5.22945106025
39567,93605,5.214513302
39589,93628,5.161204020333334
39593,93634,none
39601,93642,none
40237,95223,5.171061039
40282,95314,none
40289,95321,5.2506766318
40325,95364,none
40335,95375,5.235999584
40348,95389,5.232474089
40449,95543,4.408480072
40522,95646,5.416477044333334
40581,95720,5.359647989
40651,95915,5.069720745
40714,95983,5.038999966142858
40729,96010,4.7831602095
40770,96061,4.997355052285714
40779,96071,4.996530373666666
41227,97003,none
41250,97028,4.0976759434
41439,97350,4.298214197249999
41481,97406,4.1810537575
41488,97413,4.020999432
41497,97425,4.622493266999999
41532,97463,none
41557,97492,3.9343988893333335
41626,97730,4.4530364038000005
41629,97733,4.6985633374999995
41644,97759,none
41655,97820,4.3128889082
41672,97842,4.106235384750001
41690,97873,4.310439427666666
41694,97877,4.3126957415
41771,98062,3.383735567375
41775,98068,3.3946457504999996
41825,98146,3.383735567375
41864,98222,3.451714993
41882,98241,3.237878799
41883,98243,none
41885,98245,none
41889,98250,none
41899,98261,none
41904,98267,3.224800189333333
41914,98279,3.43193531
41915,98280,none
41916,98281,none
41918,98283,none
41920,98286,none
41930,98297,none
41932,98304,3.421724081
42010,98397,3.4677247046000006
42011,98398,3.461446464
42216,98826,4.062744141
42238,98852,none
42260,98929,4.155096054
42346,99139,3.555075367166667
42358,99153,3.532155831666667
